{
    "displayName": "Configure Microsoft Defender for Storage to be enabled",
    "policyType": "BuiltIn",
    "mode": "All",
    "description": "Microsoft Defender for Storage is an Azure-native layer of security intelligence that detects potential threats to your storage accounts.\nThis policy will enable all Defender for Storage capabilities; Activity Monitoring, Malware Scanning and Sensitive Data Threat Detection. To learn more about Defender for Storage capabilities and benefits, visit aka.ms/DefenderForStorage.",
    "metadata": {
        "version": "1.4.0",
        "category": "Security Center"
    },
    "parameters": {
        "effect": {
            "type": "String",
            "metadata": {
                "displayName": "Effect",
                "description": "Enable or disable the execution of the policy"
            },
            "allowedValues": [
                "DeployIfNotExists",
                "Disabled"
            ],
            "defaultValue": "DeployIfNotExists"
        }
    },
    "policyRule": {
        "if": {
            "field": "type",
            "equals": "Microsoft.Resources/subscriptions"
        },
        "then": {
            "effect": "[parameters('effect')]",
            "details": {
                "type": "Microsoft.Security/pricings",
                "name": "StorageAccounts",
                "deploymentScope": "subscription",
                "existenceScope": "subscription",
                "roleDefinitionIds": [
                    "/providers/Microsoft.Authorization/roleDefinitions/8e3af657-a8ff-443c-a75c-2fe8c4bcb635"
                ],
                "existenceCondition": {
                    "allOf": [
                        {
                            "field": "Microsoft.Security/pricings/pricingTier",
                            "equals": "Standard"
                        },
                        {
                            "field": "Microsoft.Security/pricings/subPlan",
                            "equals": "PerTransaction"
                        }
                    ]
                },
                "deployment": {
                    "location": "usgovvirginia",
                    "properties": {
                        "mode": "incremental",
                        "template": {
                            "$schema": "https://schema.management.azure.com/schemas/2015-01-01/deploymentTemplate.json#",
                            "contentVersion": "1.3.0.0",
                            "variables": {},
                            "resources": [
                                {
                                    "type": "Microsoft.Security/pricings",
                                    "apiVersion": "2023-01-01",
                                    "name": "StorageAccounts",
                                    "properties": {
                                        "subPlan": "PerTransaction",
                                        "pricingTier": "Standard"
                                    }
                                }
                            ],
                            "outputs": {}
                        }
                    }
                }
            }
        }
    }
}