{
    "displayName": "Configure Azure Defender for open-source relational databases to be enabled",
    "policyType": "BuiltIn",
    "mode": "All",
    "description": "Azure Defender for open-source relational databases detects anomalous activities indicating unusual and potentially harmful attempts to access or exploit databases. Learn more about the capabilities of Azure Defender for open-source relational databases at https://aka.ms/AzDforOpenSourceDBsDocu. Important: Enabling this plan will result in charges for protecting your open-source relational databases. Learn about the pricing on Security Center's pricing page: https://aka.ms/pricing-security-center",
    "metadata": {
        "version": "1.0.0",
        "category": "Security Center"
    },
    "parameters": {
        "effect": {
            "type": "String",
            "metadata": {
                "displayName": "Effect",
                "description": "Enable or disable the execution of the policy"
            },
            "allowedValues": [
                "DeployIfNotExists",
                "Disabled"
            ],
            "defaultValue": "DeployIfNotExists"
        }
    },
    "policyRule": {
        "if": {
            "field": "type",
            "equals": "Microsoft.Resources/subscriptions"
        },
        "then": {
            "effect": "[parameters('effect')]",
            "details": {
                "type": "Microsoft.Security/pricings",
                "name": "OpenSourceRelationalDatabases",
                "deploymentScope": "subscription",
                "existenceScope": "subscription",
                "roleDefinitionIds": [
                    "/providers/Microsoft.Authorization/roleDefinitions/fb1c8493-542b-48eb-b624-b4c8fea62acd"
                ],
                "existenceCondition": {
                    "field": "Microsoft.Security/pricings/pricingTier",
                    "equals": "Standard"
                },
                "deployment": {
                    "location": "usgovvirginia",
                    "properties": {
                        "mode": "incremental",
                        "parameters": {},
                        "template": {
                            "$schema": "https://schema.management.azure.com/schemas/2015-01-01/deploymentTemplate.json#",
                            "contentVersion": "1.0.0.0",
                            "parameters": {},
                            "variables": {},
                            "resources": [
                                {
                                    "type": "Microsoft.Security/pricings",
                                    "apiVersion": "2018-06-01",
                                    "name": "OpenSourceRelationalDatabases",
                                    "properties": {
                                        "pricingTier": "Standard"
                                    }
                                }
                            ],
                            "outputs": {}
                        }
                    }
                }
            }
        }
    }
}