{
    "displayName": "Configure Azure Defender for Azure SQL database to be enabled",
    "policyType": "BuiltIn",
    "mode": "All",
    "description": "Azure Defender for SQL provides functionality for surfacing and mitigating potential database vulnerabilities, detecting anomalous activities that could indicate threats to SQL databases, and discovering and classifying sensitive data.",
    "metadata": {
        "version": "1.0.1",
        "category": "Security Center"
    },
    "parameters": {
        "effect": {
            "type": "String",
            "metadata": {
                "displayName": "Effect",
                "description": "Enable or disable the execution of the policy"
            },
            "allowedValues": [
                "DeployIfNotExists",
                "Disabled"
            ],
            "defaultValue": "DeployIfNotExists"
        }
    },
    "policyRule": {
        "if": {
            "allOf": [
                {
                    "field": "type",
                    "equals": "Microsoft.Resources/subscriptions"
                }
            ]
        },
        "then": {
            "effect": "[parameters('effect')]",
            "details": {
                "type": "Microsoft.Security/pricings",
                "name": "SqlServers",
                "deploymentScope": "subscription",
                "existenceScope": "subscription",
                "roleDefinitionIds": [
                    "/providers/Microsoft.Authorization/roleDefinitions/fb1c8493-542b-48eb-b624-b4c8fea62acd"
                ],
                "existenceCondition": {
                    "field": "Microsoft.Security/pricings/pricingTier",
                    "equals": "Standard"
                },
                "deployment": {
                    "location": "usgovvirginia",
                    "properties": {
                        "mode": "incremental",
                        "parameters": {},
                        "template": {
                            "$schema": "https://schema.management.azure.com/schemas/2015-01-01/deploymentTemplate.json#",
                            "contentVersion": "1.0.0.0",
                            "parameters": {},
                            "variables": {},
                            "resources": [
                                {
                                    "type": "Microsoft.Security/pricings",
                                    "apiVersion": "2023-01-01",
                                    "name": "SqlServers",
                                    "properties": {
                                        "pricingTier": "Standard"
                                    }
                                }
                            ],
                            "outputs": {}
                        }
                    }
                }
            }
        }
    }
}